cid,name,winner,winner_pct,turnout,jam,bnp,ncp,median_age,u35,first_time_pct,non_muslim_pct,hindu_pct,stype
1,Panchagarh-1,BNP,50.38,75.47,0.0,50.38,47.98,40.0,36.49,38.68,9.48,9.41,rural
2,Panchagarh-2,BNP,55.52,75.49,40.79,55.52,0.0,41.0,35.6,37.85,23.26,23.08,rural
3,Thakurgaon-1,BNP,62.31,75.05,36.66,62.31,0.0,41.0,35.53,37.48,24.37,23.85,rural
4,Thakurgaon-2,BNP,49.98,71.37,47.55,49.98,0.0,41.0,33.45,35.51,13.82,13.65,rural
5,Thakurgaon-3,BNP,51.82,70.49,35.66,51.82,0.0,40.0,35.34,37.36,26.44,25.52,rural
6,Dinajpur-1,BNP,59.06,72.94,38.54,59.06,0.0,41.0,35.28,37.55,34.19,32.21,rural
7,Dinajpur-2,BNP,51.61,73.1,38.53,51.61,0.0,41.0,34.9,36.77,30.21,28.92,rural
8,Dinajpur-3,BNP,49.63,68.17,47.99,49.63,0.0,42.0,33.11,35.08,16.78,15.6,rural
9,Dinajpur-4,BNP,55.56,71.34,42.84,55.56,0.0,41.0,35.39,37.53,24.53,24.0,rural
10,Dinajpur-5,Independent,36.94,69.72,0.0,29.61,33.01,41.0,34.61,36.6,14.32,12.64,rural
11,Dinajpur-6,BNP,51.24,71.93,47.43,51.24,0.0,41.0,34.06,36.01,10.61,6.5,rural
12,Nilphamari-1,Jamaat,51.32,63.68,51.32,0.0,0.0,40.0,36.28,38.3,14.25,14.23,rural
13,Nilphamari-2,Jamaat,51.16,74.12,51.16,47.41,0.0,40.0,36.46,38.56,20.19,20.16,rural
14,Nilphamari-3,Jamaat,53.74,69.16,53.74,44.11,0.0,40.0,37.33,39.36,18.91,18.9,rural
15,Nilphamari-4,Jamaat,43.37,64.17,43.37,28.32,0.0,41.0,35.11,37.11,11.06,11.03,rural
16,Lalmonirhat-1,BNP,48.72,70.6,45.41,48.72,0.0,40.0,37.77,39.89,8.61,8.6,rural
17,Lalmonirhat-2,BNP,45.38,63.16,42.77,45.38,0.0,41.0,35.45,37.59,17.23,17.22,rural
18,Lalmonirhat-3,BNP,68.98,65.74,27.69,68.98,0.0,41.0,33.48,35.34,14.86,14.84,rural
19,Rangpur-1,Jamaat,65.89,59.38,65.89,31.07,0.0,,,,,,rural
20,Rangpur-2,Jamaat,52.86,67.2,52.86,31.46,0.0,41.0,34.01,36.06,11.98,11.5,rural
21,Rangpur-3,Jamaat,56.01,62.41,56.01,26.94,0.0,,,,,,city
22,Rangpur-4,NCP,45.28,64.67,0.0,42.73,45.28,41.0,33.04,35.06,7.59,7.57,rural
23,Rangpur-5,Jamaat,56.39,66.45,56.39,37.0,0.0,42.0,31.64,33.79,8.5,7.59,rural
24,Rangpur-6,Jamaat,49.56,67.99,49.56,48.74,0.0,42.0,33.22,35.08,7.37,6.38,rural
25,Kurigram-1,Jamaat,39.41,63.18,39.41,34.56,0.0,41.0,34.89,36.69,3.48,3.48,rural
26,Kurigram-2,NCP,45.74,65.09,0.0,43.56,45.74,41.0,34.52,36.47,10.96,10.96,rural
27,Kurigram-3,Jamaat,48.12,60.66,48.12,35.54,0.0,42.0,33.08,35.12,7.25,7.25,rural
28,Kurigram-4,Jamaat,48.41,61.2,48.41,38.13,0.0,41.0,36.0,38.14,1.95,1.95,rural
29,Gaibandha-1,Jamaat,57.69,57.91,57.69,15.72,0.0,41.0,34.17,36.01,7.97,7.95,rural
30,Gaibandha-2,Jamaat,50.47,58.79,50.47,38.43,0.0,41.0,33.6,35.51,7.04,6.99,rural
31,Gaibandha-3,Jamaat,51.9,61.63,51.9,44.84,0.0,41.0,33.46,35.26,7.1,7.09,rural
32,Gaibandha-4,BNP,49.64,61.42,48.41,49.64,0.0,42.0,31.9,33.81,6.6,6.1,rural
33,Gaibandha-5,Jamaat,41.22,55.86,41.22,34.11,0.0,41.0,33.97,35.89,5.51,5.48,rural
34,Joypurhat-1,Jamaat,49.19,71.81,49.19,46.49,0.0,43.0,32.07,33.75,12.22,10.29,rural
35,Joypurhat-2,BNP,62.94,71.72,36.45,62.94,0.0,43.0,30.52,32.39,6.18,5.97,rural
36,Bogra-1,BNP,74.27,61.35,24.89,74.27,0.0,42.0,33.26,35.22,3.38,3.35,rural
37,Bogra-2,BNP,59.61,71.36,38.25,59.61,0.0,43.0,30.92,32.77,4.46,4.44,rural
38,Bogra-3,BNP,52.87,71.44,45.78,52.87,0.0,43.0,30.12,32.05,7.9,7.8,rural
39,Bogra-4,BNP,57.96,74.77,40.53,57.96,0.0,42.0,31.28,33.01,8.69,8.66,rural
40,Bogra-5,BNP,62.17,70.03,35.71,62.17,0.0,42.0,32.14,33.82,6.81,6.73,rural
41,Bogra-6,BNP,68.2,69.92,30.67,68.2,0.0,42.0,32.0,33.66,6.09,6.0,mixed
42,Bogra-7,BNP,69.03,71.28,30.29,69.03,0.0,42.0,31.46,33.34,4.96,4.88,rural
43,Chapai Nawabganj-1,Jamaat,55.17,74.68,55.17,43.69,0.0,40.0,36.14,38.26,2.69,2.69,rural
44,Chapai Nawabganj-2,Jamaat,50.76,72.87,50.76,46.32,0.0,40.0,36.23,38.6,6.0,4.7,rural
45,Chapai Nawabganj-3,Jamaat,59.17,67.91,59.17,40.27,0.0,41.0,35.89,37.72,4.09,3.79,rural
46,Naogaon-1,BNP,48.53,75.7,42.71,48.53,0.0,41.0,34.29,36.47,13.22,10.28,rural
47,Naogaon-2,Jamaat,50.7,74.81,50.7,48.37,0.0,42.0,31.3,33.09,16.4,10.9,rural
48,Naogaon-3,BNP,53.24,71.22,37.87,53.24,0.0,43.0,30.92,32.81,16.49,14.18,rural
49,Naogaon-4,BNP,56.77,70.79,41.14,56.77,0.0,42.0,31.39,33.14,8.9,8.53,rural
50,Naogaon-5,BNP,53.82,66.37,43.29,53.82,0.0,43.0,31.01,32.73,7.82,7.73,rural
51,Naogaon-6,BNP,47.86,66.12,42.47,47.86,0.0,42.0,30.93,32.79,9.54,9.49,rural
52,Rajshahi-1,Jamaat,49.8,73.36,49.8,49.57,0.0,41.0,36.04,37.89,12.09,7.45,rural
53,Rajshahi-2,BNP,55.76,62.52,43.18,55.76,0.0,42.0,32.42,34.19,5.88,5.48,city
54,Rajshahi-3,BNP,55.37,75.35,43.08,55.37,0.0,41.0,34.55,36.36,2.74,2.42,rural
55,Rajshahi-4,Jamaat,50.57,70.95,50.57,48.39,0.0,43.0,31.22,32.95,4.54,4.5,rural
56,Rajshahi-5,BNP,64.68,67.4,30.73,64.68,0.0,42.0,32.12,33.83,4.45,4.12,rural
57,Rajshahi-6,BNP,60.58,68.93,37.6,60.58,0.0,42.0,33.32,35.01,4.5,4.48,rural
58,Natore-1,BNP,38.23,73.15,33.45,38.23,0.0,,,,,,rural
59,Natore-2,BNP,54.52,73.59,43.34,54.52,0.0,42.0,32.34,34.1,7.84,7.48,rural
60,Natore-3,BNP,52.47,69.93,0.0,52.47,8.92,42.0,32.6,34.29,8.42,8.29,rural
61,Natore-4,BNP,54.63,70.29,43.16,54.63,0.0,42.0,32.23,33.89,5.07,3.94,rural
62,Sirajganj-1,BNP,50.93,59.51,47.34,50.93,0.0,41.0,32.91,34.74,2.59,2.58,rural
63,Sirajganj-2,BNP,55.52,68.25,43.12,55.52,0.0,40.0,34.66,36.28,3.9,3.85,rural
64,Sirajganj-3,BNP,59.43,66.12,0.0,59.43,0.0,41.0,33.36,35.27,9.95,9.58,rural
65,Sirajganj-4,BNP,49.49,68.75,49.25,49.49,0.0,41.0,34.2,35.98,3.99,3.97,rural
66,Sirajganj-5,BNP,54.37,58.4,42.62,54.37,0.0,40.0,36.45,38.01,4.32,4.28,rural
67,Sirajganj-6,BNP,60.78,58.2,0.0,60.78,36.51,40.0,34.68,36.39,3.45,3.42,rural
68,Pabna-1,Jamaat,54.84,69.36,54.84,44.25,0.0,41.0,33.3,35.1,2.6,2.57,rural
69,Pabna-2,BNP,71.78,60.49,25.41,71.78,0.0,41.0,34.42,36.17,3.64,3.61,rural
70,Pabna-3,Jamaat,43.85,68.89,43.85,43.15,0.0,41.0,33.11,34.72,4.12,3.7,rural
71,Pabna-4,Jamaat,45.17,69.02,45.17,44.17,0.0,42.0,32.69,34.43,2.48,2.43,rural
72,Pabna-5,BNP,51.91,66.59,46.75,51.91,0.0,42.0,31.57,33.12,2.09,2.07,rural
73,Meherpur-1,Jamaat,53.17,72.87,53.17,45.87,0.0,43.0,30.42,31.86,2.87,2.83,rural
74,Meherpur-2,Jamaat,52.04,67.99,52.04,46.98,0.0,43.0,29.83,31.47,1.35,1.31,rural
75,Kushtia-1,BNP,60.22,68.38,31.04,60.22,0.0,42.0,32.39,34.15,0.64,0.64,rural
76,Kushtia-2,Jamaat,56.05,71.53,56.05,42.26,0.0,42.0,31.89,33.5,2.18,2.16,rural
77,Kushtia-3,Jamaat,57.56,71.84,57.56,40.43,0.0,43.0,31.01,32.56,4.17,4.14,rural
78,Kushtia-4,Jamaat,48.8,71.33,48.8,46.25,0.0,42.0,33.04,34.66,4.85,4.84,rural
79,Chuadanga-1,Jamaat,56.19,73.22,56.19,41.1,0.0,43.0,31.14,32.73,2.72,2.7,rural
80,Chuadanga-2,Jamaat,54.86,76.85,54.86,43.46,0.0,41.0,33.5,35.1,2.2,2.19,rural
81,Jhenaidah-1,BNP,74.83,71.46,24.37,74.83,0.0,43.0,31.97,33.59,10.45,10.43,rural
82,Jhenaidah-2,Jamaat,51.57,74.67,51.57,46.73,0.0,42.0,32.7,34.52,7.13,7.11,rural
83,Jhenaidah-3,Jamaat,53.13,76.58,53.13,45.6,0.0,41.0,33.77,35.7,5.55,5.55,rural
84,Jhenaidah-4,Jamaat,43.22,73.19,43.22,23.16,0.0,43.0,31.72,33.61,16.33,16.3,rural
85,Jessore-1,Jamaat,54.98,69.22,54.98,43.56,0.0,41.0,33.08,34.92,2.3,2.28,rural
86,Jessore-2,Jamaat,53.8,69.07,53.8,43.97,0.0,42.0,32.42,34.43,6.07,6.05,rural
87,Jessore-3,BNP,49.52,66.46,45.75,49.52,0.0,42.0,31.94,33.69,9.01,8.97,rural
88,Jessore-4,Jamaat,54.24,70.98,54.24,40.7,0.0,,,,,,rural
89,Jessore-5,Jamaat,46.99,75.31,46.99,19.58,0.0,42.0,32.35,34.32,17.53,17.51,rural
90,Jessore-6,Jamaat,52.54,76.51,52.54,45.79,0.0,42.0,33.02,34.84,17.28,17.27,rural
91,Magura-1,BNP,63.54,67.91,30.46,63.54,0.0,42.0,33.7,35.27,16.85,16.78,rural
92,Magura-2,BNP,52.26,68.21,40.97,52.26,0.0,41.0,34.94,36.58,17.69,17.59,rural
93,Narail-1,BNP,54.23,62.97,40.41,54.23,0.0,41.0,34.52,36.36,19.46,19.4,rural
94,Narail-2,Jamaat,47.42,63.56,47.42,18.36,0.0,41.0,34.48,36.32,15.57,15.53,rural
95,Bagerhat-1,Jamaat,47.93,65.16,47.93,46.8,0.0,41.0,35.63,37.31,24.21,23.87,rural
96,Bagerhat-2,Jamaat,49.5,70.19,49.5,28.02,0.0,42.0,32.24,33.92,16.74,16.64,rural
97,Bagerhat-3,BNP,53.94,71.4,43.75,53.94,0.0,43.0,31.79,33.44,21.44,21.33,rural
98,Bagerhat-4,Jamaat,51.53,58.88,51.53,43.93,0.0,42.0,33.4,35.22,8.57,8.55,rural
99,Khulna-1,BNP,58.6,67.14,34.27,58.6,0.0,43.0,31.98,33.69,44.43,44.16,rural
100,Khulna-2,Jamaat,49.46,56.3,49.46,46.67,0.0,43.0,30.42,32.22,10.17,10.03,city
101,Khulna-3,BNP,50.69,58.24,43.76,50.69,0.0,42.0,31.41,33.21,7.32,7.19,city
102,Khulna-4,BNP,49.88,65.22,0.0,49.88,0.0,41.0,35.31,37.13,15.15,14.9,rural
103,Khulna-5,BNP,50.05,74.01,48.93,50.05,0.0,43.0,31.9,33.63,28.91,28.84,rural
104,Khulna-6,Jamaat,53.32,66.66,53.32,44.14,0.0,42.0,32.15,34.05,25.88,25.59,rural
105,Satkhira-1,Jamaat,52.33,74.32,52.33,46.23,0.0,,,,,,rural
106,Satkhira-2,Jamaat,68.41,72.75,68.41,29.92,0.0,41.0,33.19,35.16,13.22,13.18,rural
107,Satkhira-3,Jamaat,52.52,69.69,52.52,16.24,0.0,41.0,33.0,35.02,20.16,20.07,rural
108,Satkhira-4,Jamaat,53.77,66.51,53.77,43.18,0.0,41.0,34.4,36.42,19.14,18.8,rural
109,Barguna-1,IAB,49.59,54.42,0.0,48.1,0.0,42.0,32.39,34.02,6.22,6.0,rural
110,Barguna-2,BNP,46.85,57.37,43.49,46.85,0.0,42.0,33.24,34.97,8.9,8.78,rural
111,Patuakhali-1,BNP,58.77,51.07,0.0,58.77,0.0,41.0,34.1,35.86,6.96,6.88,rural
112,Patuakhali-2,Jamaat,53.26,59.7,53.26,38.66,0.0,41.0,35.29,37.0,7.36,7.34,rural
113,Patuakhali-3,GOP,41.68,62.17,6.79,0.0,0.0,41.0,35.1,36.99,7.33,7.28,rural
114,Patuakhali-4,BNP,59.32,66.94,0.0,59.32,0.0,41.0,36.08,37.69,3.95,3.68,rural
115,Bhola-1,BJP,50.79,51.05,35.87,0.0,0.0,39.0,37.96,39.74,3.04,3.02,rural
116,Bhola-2,BNP,55.63,54.27,43.18,55.63,0.0,39.0,38.18,40.0,3.38,3.36,rural
117,Bhola-3,BNP,69.09,54.48,0.0,69.09,0.0,39.0,37.87,40.11,4.08,4.07,rural
118,Bhola-4,BNP,64.06,59.03,27.11,64.06,0.0,39.0,39.39,41.33,2.38,2.36,rural
119,Barisal-1,BNP,50.5,60.81,22.93,50.5,0.0,41.0,34.91,36.67,26.3,26.08,rural
120,Barisal-2,BNP,62.92,58.48,32.41,62.92,0.0,41.0,34.58,36.32,20.18,19.97,rural
121,Barisal-3,BNP,46.83,52.03,0.0,46.83,0.0,40.0,36.41,38.43,2.91,2.86,rural
122,Barisal-4,BNP,53.62,56.82,30.69,53.62,0.0,38.0,38.96,40.94,3.3,3.26,rural
123,Barisal-5,BNP,53.24,50.52,0.0,53.24,0.0,41.0,34.44,36.26,7.64,7.56,city
124,Barisal-6,BNP,49.1,52.99,33.02,49.1,0.0,40.0,36.23,37.91,8.89,8.64,rural
125,Jhalokati-1,BNP,48.31,56.24,42.43,48.31,0.0,41.0,35.59,37.47,8.53,8.51,rural
126,Jhalokati-2,BNP,53.71,57.91,32.97,53.71,0.0,41.0,34.99,36.77,9.59,9.55,rural
127,Pirojpur-1,Jamaat,55.18,61.02,55.18,44.82,0.0,41.0,35.72,37.5,19.72,19.64,rural
128,Pirojpur-2,BNP,45.89,56.13,41.83,45.89,0.0,41.0,35.02,37.01,15.28,15.25,rural
129,Pirojpur-3,BNP,46.88,56.65,0.0,46.88,26.22,42.0,31.89,33.66,9.31,9.26,rural
130,Tangail-1,BNP,54.88,64.24,33.4,54.88,0.0,41.0,32.86,34.55,6.19,3.34,rural
131,Tangail-2,BNP,74.67,63.34,22.86,74.67,0.0,41.0,33.05,34.73,3.4,3.36,rural
132,Tangail-3,Independent,47.56,60.09,0.0,36.04,14.64,42.0,31.48,33.13,4.63,4.59,rural
133,Tangail-4,BNP,47.09,59.83,21.94,47.09,0.0,42.0,31.07,32.69,7.65,7.42,rural
134,Tangail-5,BNP,45.71,62.27,27.59,45.71,0.0,42.0,31.9,33.44,7.28,7.12,rural
135,Tangail-6,BNP,54.64,59.19,32.76,54.64,0.0,42.0,31.72,33.38,8.43,7.98,rural
136,Tangail-7,BNP,66.07,57.65,33.23,66.07,0.0,43.0,29.57,31.32,12.59,11.88,rural
137,Tangail-8,BNP,46.27,59.78,21.91,46.27,0.0,43.0,28.44,30.04,7.23,6.87,rural
138,Jamalpur-1,BNP,62.85,64.02,35.25,62.85,0.0,,,,,,rural
139,Jamalpur-2,BNP,60.02,56.72,38.8,60.02,0.0,41.0,35.66,37.33,1.4,1.35,rural
140,Jamalpur-3,BNP,65.91,58.53,25.44,65.91,0.0,41.0,34.69,36.27,1.54,1.53,rural
141,Jamalpur-4,BNP,75.52,64.14,22.76,75.52,0.0,42.0,33.41,35.11,2.64,2.6,rural
142,Jamalpur-5,BNP,61.89,55.95,34.86,61.89,0.0,41.0,34.07,35.72,1.85,1.8,rural
143,Sherpur-1,Jamaat,47.19,59.84,47.19,29.16,0.17,40.0,36.74,38.48,2.66,2.56,rural
144,Sherpur-2,BNP,51.11,52.71,46.39,51.11,0.0,40.0,36.22,38.15,3.73,2.79,rural
146,Mymensingh-1,Independent,40.52,55.11,0.0,38.19,0.0,39.0,38.27,40.4,8.1,3.79,rural
147,Mymensingh-2,KM,45.7,55.35,0.0,37.1,0.0,39.0,38.3,40.38,3.45,3.29,rural
148,Mymensingh-3,BNP,44.27,56.91,0.0,44.27,0.0,39.0,37.63,39.84,3.83,3.79,rural
149,Mymensingh-4,BNP,48.92,52.78,46.63,48.92,0.0,,,,,,city
150,Mymensingh-5,BNP,54.82,60.67,43.23,54.82,0.0,40.0,36.03,37.94,4.47,4.26,rural
151,Mymensingh-6,Independent,45.02,55.84,32.91,21.23,0.0,40.0,36.81,39.07,2.55,2.3,rural
152,Mymensingh-7,BNP,44.56,55.16,37.93,44.56,0.0,,,,,,rural
153,Mymensingh-8,BNP,57.28,54.32,0.0,57.28,0.0,39.0,38.01,39.85,3.06,3.02,rural
154,Mymensingh-9,BNP,44.31,50.34,0.0,44.31,0.0,39.0,37.68,39.72,1.75,1.73,rural
155,Mymensingh-10,BNP,35.57,51.94,30.58,35.57,0.0,40.0,34.55,36.66,1.35,1.33,rural
156,Mymensingh-11,BNP,55.24,56.18,0.0,55.24,10.79,41.0,32.93,34.95,4.52,4.25,rural
157,Netrokona-1,BNP,62.4,55.51,0.0,62.4,0.0,39.0,39.14,40.92,11.91,7.8,rural
158,Netrokona-2,BNP,65.74,51.73,0.0,65.74,25.79,40.0,37.68,39.5,10.05,9.98,rural
159,Netrokona-3,BNP,51.07,55.16,17.7,51.07,0.0,40.0,37.51,39.2,5.27,5.25,rural
160,Netrokona-4,BNP,77.99,54.82,19.28,77.99,0.0,39.0,37.81,39.69,16.0,15.96,rural
161,Netrokona-5,Jamaat,49.78,56.73,49.78,48.2,0.0,,,,,,rural
162,Kishoreganj-1,BNP,46.86,47.82,0.0,46.86,0.0,39.0,37.39,39.32,4.24,4.22,rural
163,Kishoreganj-2,BNP,53.13,51.13,43.95,53.13,0.0,42.0,31.39,33.27,2.88,2.87,rural
164,Kishoreganj-3,BNP,49.25,50.88,44.68,49.25,0.0,39.0,38.17,40.0,2.61,2.6,rural
165,Kishoreganj-4,BNP,66.54,48.86,28.72,66.54,0.0,38.0,39.38,41.49,10.9,10.9,rural
166,Kishoreganj-5,Independent,39.56,58.54,26.04,32.26,0.0,39.0,38.24,39.92,7.11,7.09,rural
167,Kishoreganj-6,BNP,78.92,55.57,0.0,78.92,0.0,38.0,40.29,41.92,4.79,4.77,rural
168,Manikganj-1,BNP,46.38,64.51,23.6,46.38,0.0,42.0,32.03,33.8,10.24,9.61,rural
169,Manikganj-2,BNP,65.84,56.74,0.0,65.84,0.0,43.0,29.71,31.21,8.45,7.79,rural
170,Manikganj-3,BNP,63.15,66.48,0.0,63.15,0.0,43.0,29.91,31.52,9.46,8.68,rural
171,Munshiganj-1,BNP,54.52,56.66,32.31,54.52,0.0,42.0,32.06,33.73,11.74,10.78,rural
172,Munshiganj-2,BNP,62.01,51.83,0.0,62.01,29.37,41.0,31.73,33.32,7.0,6.79,rural
173,Munshiganj-3,BNP,45.39,54.05,0.0,45.39,0.0,41.0,32.88,34.47,4.04,3.98,rural
174,Dhaka-1,BNP,58.58,54.84,37.01,58.58,0.0,43.0,30.08,31.69,13.95,12.06,rural
175,Dhaka-2,BNP,65.74,59.7,31.72,65.74,0.0,42.0,31.28,32.76,8.43,7.92,rural
176,Dhaka-3,BNP,52.09,52.73,43.36,52.09,0.0,42.0,30.76,32.24,7.46,7.33,rural
177,Dhaka-4,Jamaat,47.44,44.48,47.44,46.23,0.0,42.0,28.69,30.5,3.04,3.0,city
178,Dhaka-5,Jamaat,47.73,47.74,47.73,43.67,0.0,42.0,30.83,32.66,2.76,2.69,city
179,Dhaka-6,BNP,57.72,46.78,40.38,57.72,0.0,45.0,24.66,26.14,13.76,13.24,city
180,Dhaka-7,BNP,46.42,47.09,43.38,46.42,0.0,43.0,26.96,28.62,5.39,5.33,city
181,Dhaka-8,BNP,50.5,42.02,0.0,50.5,46.06,44.0,23.71,25.65,6.21,5.74,city
182,Dhaka-9,BNP,51.39,46.23,0.0,51.39,24.45,43.0,28.59,30.43,4.19,3.73,city
183,Dhaka-10,BNP,48.82,42.36,46.12,48.82,0.0,44.0,25.92,27.74,4.62,4.22,city
184,Dhaka-11,NCP,48.43,43.76,0.0,47.87,48.43,42.0,27.91,30.04,4.66,4.23,city
185,Dhaka-12,Jamaat,43.51,36.43,43.51,0.0,0.0,43.0,22.77,25.04,7.54,5.12,city
186,Dhaka-13,BNP,49.74,43.28,0.0,49.74,0.0,43.0,28.23,30.25,3.73,3.36,city
187,Dhaka-14,Jamaat,48.59,45.17,48.59,40.44,0.0,42.0,27.95,30.14,3.71,3.25,city
188,Dhaka-15,Jamaat,55.8,42.87,55.8,42.01,0.0,42.0,27.1,29.19,3.83,3.27,city
189,Dhaka-16,Jamaat,48.87,44.94,48.87,47.53,0.0,41.0,28.87,30.94,1.94,1.85,city
190,Dhaka-17,BNP,50.31,43.31,46.46,50.31,0.0,43.0,27.03,28.91,4.62,2.96,city
191,Dhaka-18,BNP,53.9,43.83,0.0,53.9,40.96,42.0,29.81,31.85,3.51,3.08,city
192,Dhaka-19,BNP,57.7,44.72,0.0,57.7,37.74,41.0,28.43,30.61,6.91,5.93,rural
193,Dhaka-20,BNP,69.87,61.9,0.0,69.87,24.54,42.0,30.73,32.47,10.53,9.95,rural
194,Gazipur-1,BNP,55.88,51.86,39.79,55.88,0.0,40.0,29.74,31.98,7.14,6.93,mixed
195,Gazipur-2,BNP,53.87,43.57,0.0,53.87,40.02,40.0,30.42,32.61,4.04,3.78,city
196,Gazipur-3,BNP,55.01,56.03,0.0,55.01,0.0,41.0,32.93,34.74,3.61,3.52,rural
197,Gazipur-4,Jamaat,50.66,60.19,50.66,45.6,0.0,41.0,33.45,35.03,5.18,5.17,rural
198,Gazipur-5,BNP,59.64,63.57,34.32,59.64,0.0,41.0,33.76,35.57,16.89,11.87,rural
199,Narsingdi-1,BNP,59.4,57.22,34.62,59.4,0.0,,,,,,rural
200,Narsingdi-2,BNP,54.66,59.54,32.65,54.66,11.38,41.0,34.76,36.45,9.54,9.52,rural
201,Narsingdi-3,BNP,49.25,58.84,2.71,49.25,0.0,40.0,35.86,37.75,3.89,3.88,rural
202,Narsingdi-4,BNP,64.75,59.14,30.57,64.75,0.0,40.0,36.11,37.8,3.67,3.66,rural
203,Narsingdi-5,BNP,56.11,49.92,0.0,56.11,0.0,,,,,,rural
204,Narayanganj-1,BNP,61.2,62.66,35.55,61.2,0.0,41.0,33.16,34.87,5.63,5.57,rural
205,Narayanganj-2,BNP,54.02,63.98,35.23,54.02,0.0,39.0,37.89,39.45,3.24,3.23,rural
206,Narayanganj-3,BNP,46.92,56.0,40.32,46.92,0.0,40.0,33.27,35.28,3.14,3.09,mixed
207,Narayanganj-4,NCP,40.19,48.5,0.0,0.0,40.19,,,,,,rural
208,Narayanganj-5,BNP,43.27,54.83,0.0,43.27,0.0,42.0,31.24,32.85,11.15,11.09,city
209,Rajbari-1,BNP,58.32,61.83,37.65,58.32,0.0,41.0,33.51,35.27,7.28,7.22,rural
210,Rajbari-2,BNP,67.35,63.22,0.0,67.35,18.72,41.0,33.71,35.57,11.76,11.71,rural
211,Faridpur-1,Jamaat,48.3,62.49,48.3,39.81,0.0,40.0,35.92,37.65,11.86,11.74,rural
212,Faridpur-2,BNP,56.84,64.76,0.0,56.84,0.0,40.0,36.92,38.85,7.12,7.11,rural
213,Faridpur-3,BNP,53.43,64.53,44.25,53.43,0.0,42.0,32.88,34.53,9.85,9.8,rural
214,Faridpur-4,BNP,46.63,55.27,27.13,46.63,0.0,41.0,33.82,35.57,6.25,6.21,rural
215,Gopalganj-1,BNP,36.33,47.91,17.76,36.33,0.0,40.0,35.59,37.24,20.14,19.82,rural
216,Gopalganj-2,Independent,50.33,38.47,0.0,27.05,0.0,41.0,34.95,36.48,25.55,25.27,rural
217,Gopalganj-3,BNP,45.96,42.74,0.0,45.96,0.0,40.0,36.41,38.07,42.62,41.94,rural
218,Madaripur-1,BNP,36.3,55.2,0.0,36.3,0.0,41.0,35.04,36.9,3.56,3.52,rural
219,Madaripur-2,Independent,37.83,42.44,0.0,33.4,0.0,41.0,34.24,35.87,16.8,16.55,rural
220,Madaripur-3,BNP,49.35,50.52,42.5,49.35,0.0,40.0,36.48,38.38,10.11,9.98,rural
221,Shariatpur-1,BNP,46.5,42.25,0.0,46.5,0.22,40.0,36.1,38.02,3.22,3.18,rural
222,Shariatpur-2,BNP,62.12,50.7,32.85,62.12,0.0,40.0,36.17,38.17,3.02,3.01,rural
223,Shariatpur-3,BNP,57.22,55.48,36.46,57.22,0.0,39.41,37.62,39.62,3.94,3.9,rural
224,Sunamganj-1,BNP,63.35,50.91,36.19,63.35,0.0,39.0,39.84,41.93,13.34,12.87,rural
225,Sunamganj-2,BNP,60.84,53.54,38.41,60.84,0.0,39.0,38.23,39.99,32.84,32.82,rural
226,Sunamganj-3,BNP,61.03,42.83,0.0,61.03,0.0,39.0,39.23,41.25,9.78,9.78,rural
227,Sunamganj-4,BNP,48.33,54.7,36.9,48.33,0.0,38.0,41.06,42.98,10.56,10.38,rural
228,Sunamganj-5,BNP,59.22,48.79,39.14,59.22,0.0,38.0,40.94,42.78,5.3,5.24,rural
229,Sylhet-1,BNP,56.24,46.42,41.84,56.24,0.0,41.0,34.64,36.42,10.79,9.61,city
230,Sylhet-2,BNP,74.06,43.28,0.0,74.06,0.0,39.0,38.58,40.46,6.08,6.08,rural
231,Sylhet-3,BNP,58.22,47.88,0.0,58.22,0.0,,,,,,rural
232,Sylhet-4,BNP,71.29,51.26,26.72,71.29,0.0,38.0,42.81,44.67,7.47,6.49,rural
233,Sylhet-5,KM,37.75,47.98,0.0,0.0,0.0,38.0,40.47,42.37,6.04,5.91,rural
234,Sylhet-6,BNP,46.71,46.54,42.04,46.71,0.0,39.0,37.06,38.97,3.89,3.89,rural
235,Moulvibazar-1,BNP,52.65,55.93,42.98,52.65,0.0,39.0,37.71,39.72,21.12,14.9,rural
236,Moulvibazar-2,BNP,41.95,54.28,31.68,41.95,0.0,40.0,36.59,38.58,19.5,14.62,rural
237,Moulvibazar-3,BNP,65.63,49.37,31.85,65.63,0.0,41.0,34.66,36.61,17.98,16.11,rural
238,Moulvibazar-4,BNP,65.52,53.59,0.0,65.52,1.65,40.0,36.32,38.28,35.49,24.26,rural
239,Habiganj-1,BNP,53.75,44.67,0.0,53.75,0.0,39.0,38.05,40.12,14.93,13.64,rural
240,Habiganj-2,BNP,64.93,49.51,0.0,64.93,0.0,39.0,38.75,40.72,18.96,18.87,rural
241,Habiganj-3,BNP,68.38,49.71,21.54,68.38,0.0,39.0,37.82,39.84,11.66,11.54,rural
242,Habiganj-4,BNP,62.42,54.6,0.0,62.42,0.0,39.0,39.19,41.11,18.5,12.28,rural
243,Brahmanbaria-1,BNP,46.49,53.25,16.38,46.49,0.0,39.0,39.72,41.68,15.68,15.67,rural
244,Brahmanbaria-2,Independent,55.41,47.55,0.0,0.0,8.0,39.0,39.4,41.45,7.11,7.09,rural
245,Brahmanbaria-3,BNP,73.6,45.84,0.0,73.6,21.13,39.0,38.22,40.31,6.33,6.31,rural
246,Brahmanbaria-4,BNP,59.79,53.15,37.8,59.79,0.0,39.0,38.32,40.49,4.56,4.56,rural
247,Brahmanbaria-5,BNP,34.13,53.2,0.0,34.13,0.0,39.0,37.48,39.39,7.2,7.18,rural
248,Brahmanbaria-6,Ganasamhati,64.44,51.39,25.96,0.0,0.0,40.0,34.55,36.45,4.41,4.41,rural
249,Comilla-1,BNP,58.64,55.64,37.82,58.64,0.0,41.0,33.42,35.24,5.77,5.76,rural
250,Comilla-2,BNP,38.8,53.45,25.5,38.8,0.0,41.0,33.74,35.6,4.4,4.39,rural
251,Comilla-3,BNP,58.92,54.52,39.17,58.92,0.0,40.0,36.53,38.34,6.97,6.96,rural
252,Comilla-4,NCP,75.36,53.19,0.0,0.0,75.36,,,,,,rural
253,Comilla-5,BNP,51.82,55.14,46.22,51.82,0.0,40.0,36.48,38.41,3.02,3.02,rural
254,Comilla-6,BNP,61.63,51.16,35.3,61.63,0.0,41.0,32.55,34.44,6.02,5.96,rural
255,Comilla-7,Independent,51.11,54.93,0.0,26.97,0.0,40.0,36.53,38.27,6.43,6.43,rural
256,Comilla-8,BNP,77.71,57.86,19.19,77.71,0.0,41.0,34.59,36.53,6.75,6.71,rural
257,Comilla-9,BNP,57.0,63.1,38.47,57.0,0.0,39.0,37.94,40.05,4.22,4.17,rural
258,Comilla-10,BNP,56.37,54.97,40.45,56.37,0.0,40.0,36.78,38.75,1.96,1.92,rural
259,Comilla-11,Jamaat,62.32,53.96,62.32,35.83,0.0,40.0,35.23,37.14,1.68,1.67,rural
260,Chandpur-1,BNP,64.53,58.36,32.81,64.53,0.0,39.0,37.52,39.2,6.23,6.23,rural
261,Chandpur-2,BNP,71.12,48.71,0.0,71.12,0.0,41.0,34.8,36.62,7.18,7.18,rural
262,Chandpur-3,BNP,58.91,51.67,34.86,58.91,0.0,,,,,,rural
263,Chandpur-4,Independent,35.13,53.68,29.65,32.3,0.0,40.0,36.15,38.05,4.25,4.22,rural
264,Chandpur-5,BNP,66.21,53.56,0.0,66.21,0.0,39.0,37.11,39.14,5.12,5.12,rural
265,Feni-1,BNP,57.29,54.65,39.42,57.29,0.0,41.0,34.05,36.07,4.37,4.37,rural
266,Feni-2,BNP,60.04,50.32,0.0,60.04,0.0,41.0,34.11,36.06,7.07,7.06,rural
267,Feni-3,BNP,58.26,53.79,38.08,58.26,0.0,40.0,35.78,37.76,5.73,5.68,rural
268,Noakhali-1,BNP,52.41,54.03,38.78,52.41,0.0,,,,,,rural
269,Noakhali-2,BNP,41.98,56.09,0.0,41.98,32.2,39.0,37.07,39.03,3.74,3.68,rural
270,Noakhali-3,BNP,51.7,53.86,43.84,51.7,0.0,39.0,37.26,39.19,4.73,4.59,rural
271,Noakhali-4,BNP,57.11,55.04,37.93,57.11,0.0,39.0,39.96,41.81,4.26,4.12,rural
272,Noakhali-5,BNP,53.08,55.84,41.74,53.08,0.0,39.0,38.4,40.37,4.9,4.87,rural
273,Noakhali-6,NCP,54.17,49.54,0.0,38.1,54.17,39.0,39.88,41.91,6.39,6.38,rural
274,Lakshmipur-1,BNP,55.64,56.01,0.0,55.64,36.74,40.0,35.47,37.31,3.43,3.38,rural
275,Lakshmipur-2,BNP,51.37,58.37,45.29,51.37,0.0,40.0,35.43,37.26,2.91,2.88,rural
276,Lakshmipur-3,BNP,51.73,59.5,45.55,51.73,0.0,39.0,37.4,39.31,3.58,3.46,rural
277,Lakshmipur-4,BNP,49.55,55.66,31.01,49.55,0.0,39.0,39.68,41.36,3.11,3.08,rural
278,Chittagong-1,BNP,59.69,56.26,37.98,59.69,0.0,,,,,,rural
280,Chittagong-3,BNP,62.99,44.92,32.35,62.99,0.0,41.0,32.64,35.2,8.58,8.57,rural
282,Chittagong-5,BNP,69.6,42.19,0.0,69.6,0.0,41.0,30.59,33.01,9.5,8.43,rural
283,Chittagong-6,BNP,69.62,47.54,13.16,69.62,0.0,42.0,30.44,32.68,25.3,18.11,rural
284,Chittagong-7,BNP,58.37,54.84,22.99,58.37,0.0,41.0,32.6,34.81,18.25,13.33,rural
285,Chittagong-8,BNP,60.49,45.68,20.74,60.49,1.16,41.0,28.26,30.61,13.96,12.3,city
286,Chittagong-9,BNP,64.45,40.82,31.11,64.45,0.0,43.0,25.04,27.23,24.19,22.28,city
287,Chittagong-10,BNP,59.18,42.18,36.42,59.18,0.0,42.0,25.58,27.92,8.49,7.68,city
288,Chittagong-11,BNP,57.99,40.53,37.13,57.99,0.0,41.0,23.99,26.48,10.27,8.78,city
289,Chittagong-12,BNP,71.83,53.41,11.22,71.83,0.0,41.0,33.69,35.88,22.88,20.73,rural
290,Chittagong-13,BNP,59.31,53.96,16.09,59.31,0.0,40.0,35.13,37.43,11.59,11.1,rural
291,Chittagong-14,BNP,42.57,57.75,0.0,42.57,0.0,40.0,35.89,37.95,15.15,13.03,rural
292,Chittagong-15,Jamaat,56.5,61.79,56.5,42.55,0.0,40.0,36.68,38.75,8.98,7.65,rural
293,Chittagong-16,Jamaat,38.71,57.45,38.71,35.39,0.0,39.0,38.7,41.02,11.12,10.25,rural
294,Cox's Bazar-1,BNP,62.87,65.84,35.85,62.87,0.0,38.0,40.5,42.33,4.82,4.19,rural
295,Cox's Bazar-2,BNP,55.61,58.43,40.07,55.61,0.0,39.0,39.37,42.02,5.96,5.4,rural
296,Cox's Bazar-3,BNP,52.55,64.2,45.42,52.55,0.0,39.0,37.46,39.49,8.14,5.84,rural
297,Cox's Bazar-4,BNP,49.65,66.64,48.47,49.65,0.0,39.0,39.7,41.72,5.07,1.58,rural
298,Khagrachhari,BNP,45.45,59.99,17.22,45.45,0.0,41.0,33.04,34.98,54.08,6.58,rural
299,Rangamati,BNP,76.69,51.72,0.0,76.69,0.0,40.0,36.26,38.04,65.1,8.09,rural
300,Bandarban,BNP,81.25,55.15,0.0,81.25,14.66,39.0,37.68,39.24,50.87,4.35,rural
